Workbook

Sheet Statewide
A1: VAP Turnout Rates Calculated using Highest Office Votes where Total Ballots not available (indicated in grey) | M1: Values used to calculate turnout rates Calculation: Total Ballot Count / VAP
A2: State | B2: 2006 | C2: 2008 | D2: 2010 | E2: 2012 | F2: 2014 | G2: 2016 | H2: 2018 | I2: 2020 | J2: 2022 | K2: 2024 | M2: 2006 Total Turnout | N2: Voting-Age Population (VAP) | O2: 2008 Total Turnout | P2: Voting-Age Population (VAP) | Q2: 2010 Total Turnout | R2: Voting-Age Population (VAP) | S2: 2012 Total Turnout | T2: Voting-Age Population (VAP) | U2: 2014 Total Turnout | V2: Voting-Age Population (VAP) | W2: 2016 Total Turnout | X2: Voting-Age Population (VAP) | Y2: 2018 Total Turnout | Z2: Voting-Age Population (VAP) | AA2: 2020 Total Turnout | AB2: Voting-Age Population (VAP) | AC2: 2022 Total Turnout | AD2: Voting-Age Population (VAP) | AE2: 2024 Total Turnout | AF2: Voting-Age Population (VAP)
A3: Alabama | B3: =M3/N3 -> 0.35583895 | C3: =O3/P3 -> 0.58559316 | D3: =Q3/R3 -> 0.41052284 | E3: =S3/T3 -> 0.55972695 | F3: =U3/V3 -> 0.31846932 | G3: =W3/X3 -> 0.56592102 | H3: =Y3/Z3 -> 0.45287359 | I3: =AA3/AB3 -> 0.59013762 | J3: =AC3/AD3 -> 0.35997145 | K3: =AE3/AF3 -> 0.56458378 | M3: 1250401 | N3: 3513952 | O3: 2105622 | P3: 3595708 | Q3: 1503232 | R3: 3661750 | S3: 2074338 | T3: 3705982 | U3: 1191274 | V3: 3740624 | W3: 2134061 | X3: 3770952 | Y3: 1721906 | Z3: 3802178 | AA3: 2325000 | AB3: 3939759 | AC3: 1424087 | AD3: 3956111 | AE3: 2270000 | AF3: 4020661
A4: Alaska | B4: =M4/N4 -> 0.48391924 | C4: =O4/P4 -> 0.64482266 | D4: =Q4/R4 -> 0.49413105 | E4: =S4/T4 -> 0.55431046 | F4: =U4/V4 -> 0.51887583 | G4: =W4/X4 -> 0.57936147 | H4: =Y4/Z4 -> 0.51618132 | I4: =AA4/AB4 -> 0.64948252 | J4: =AC4/AD4 -> 0.4797895 | K4: =AE4/AF4 -> 0.60833845 | M4: 238307 | N4: 492452 | O4: 327341 | P4: 507645 | Q4: 261128 | R4: 528459 | S4: 301694 | T4: 544269 | U4: 285431 | V4: 550095 | W4: 321271 | X4: 554526 | Y4: 285009 | Z4: 552149 | AA4: 361400 | AB4: 556443 | AC4: 267047 | AD4: 556592 | AE4: 340981 | AF4: 560512
A5: Arizona | B5: =M5/N5 -> 0.34586167 | C5: =O5/P5 -> 0.49657489 | D5: =Q5/R5 -> 0.36429348 | E5: =S5/T5 -> 0.46811044 | F5: =U5/V5 -> 0.29926602 | G5: =W5/X5 -> 0.49771544 | H5: =Y5/Z5 -> 0.43345451 | I5: =AA5/AB5 -> 0.60301807 | J5: =AC5/AD5 -> 0.44719717 | K5: =AE5/AF5 -> 0.57600764 | M5: 1553032 | N5: 4490327 | O5: 2320851 | P5: 4673718 | Q5: 1750840 | R5: 4806125 | S5: 2323579 | T5: 4963741 | U5: 1537671 | V5: 5138141 | W5: 2661497 | X5: 5347427 | Y5: 2409910 | Z5: 5559776 | AA5: 3420585 | AB5: 5672442 | AC5: 2592313 | AD5: 5796801 | AE5: 3428011 | AF5: 5951329
A6: Arkansas | B6: =M6/N6 -> 0.36637544 | C6: =O6/P6 -> 0.50392442 | D6: =Q6/R6 -> 0.35630395 | E6: =S6/T6 -> 0.48060145 | F6: =U6/V6 -> 0.37659236 | G6: =W6/X6 -> 0.49729514 | H6: =Y6/Z6 -> 0.38899206 | I6: =AA6/AB6 -> 0.52463255 | J6: =AC6/AD6 -> 0.38948175 | K6: =AE6/AF6 -> 0.49760744 | M6: 780409 | N6: 2130080 | O6: 1095958 | P6: 2174846 | Q6: 789773 | R6: 2216571 | S6: 1078548 | T6: 2244163 | U6: 852642 | V6: 2264098 | W6: 1137772 | X6: 2287921 | Y6: 898793 | Z6: 2310569 | AA6: 1223675 | AB6: 2332442 | AC6: 914227 | AD6: 2347291 | AE6: 1190172 | AF6: 2391789
A7: California | B7: =M7/N7 -> 0.33280224 | C7: =O7/P7 -> 0.5013728 | D7: =Q7/R7 -> 0.3739403 | E7: =S7/T7 -> 0.45727625 | F7: =U7/V7 -> 0.2540591 | G7: =W7/X7 -> 0.48491317 | H7: =Y7/Z7 -> 0.41636207 | I7: =AA7/AB7 -> 0.5833086 | J7: =AC7/AD7 -> 0.36572296 | K7: =AE7/AF7 -> 0.52741807 | M7: 8899059 | N7: 26739781 | O7: 13743177 | P7: 27411094 | Q7: 10529134 | R7: 28157259 | S7: 13202158 | T7: 28871296 | U7: 7513972 | V7: 29575685 | W7: 14610509 | X7: 30130155 | Y7: 12712542 | Z7: 30532421 | AA7: 17785151 | AB7: 30490123 | AC7: 11146610 | AD7: 30478289 | AE7: 16140044 | AF7: 30601993
A8: Colorado | B8: =M8/N8 -> 0.44429944 | C8: =O8/P8 -> 0.65307775 | D8: =Q8/R8 -> 0.4757614 | E8: =S8/T8 -> 0.65220268 | F8: =U8/V8 -> 0.5032921 | G8: =W8/X8 -> 0.66467349 | H8: =Y8/Z8 -> 0.58039379 | I8: =AA8/AB8 -> 0.71970643 | J8: =AC8/AD8 -> 0.54869931 | K8: =AE8/AF8 -> 0.68550288 | M8: 1586105 | N8: 3569901 | O8: 2422236 | P8: 3708955 | Q8: 1828323 | R8: 3842941 | S8: 2596173 | T8: 3980623 | U8: 2080071 | V8: 4132930 | W8: 2859216 | X8: 4301685 | Y8: 2583580 | Z8: 4451426 | AA8: 3295666 | AB8: 4579181 | AC8: 2540666 | AD8: 4630343 | AE8: 3241120 | AF8: 4728091
A9: Connecticut | B9: =M9/N9 -> 0.43315615 | C9: =O9/P9 -> 0.60412404 | D9: =Q9/R9 -> 0.41640094 | E9: =S9/T9 -> 0.55654536 | F9: =U9/V9 -> 0.38843848 | G9: =W9/X9 -> 0.59273638 | H9: =Y9/Z9 -> 0.50130248 | I9: =AA9/AB9 -> 0.64447102 | J9: =AC9/AD9 -> 0.4498798 | K9: =AE9/AF9 -> 0.6141414 | M9: 1162391 | N9: 2683538 | O9: 1646792 | P9: 2725917 | Q9: 1153872 | R9: 2771060 | S9: 1560640 | T9: 2804156 | U9: 1096556 | V9: 2822985 | W9: 1675955 | X9: 2827488 | Y9: 1421953 | Z9: 2836517 | AA9: 1861086 | AB9: 2887773 | AC9: 1297811 | AD9: 2884795 | AE9: 1788981 | AF9: 2912979
A10: Delaware | B10: =M10/N10 -> 0.39133923 | C10: =O10/P10 -> 0.6077388 | D10: =Q10/R10 -> 0.45451141 | E10: =S10/T10 -> 0.57965553 | F10: =U10/V10 -> 0.32535356 | G10: =W10/X10 -> 0.59505197 | H10: =Y10/Z10 -> 0.4780002 | I10: =AA10/AB10 -> 0.63806346 | J10: =AC10/AD10 -> 0.40096686 | K10: =AE10/AF10 -> 0.62029317 | M10: 258053 | N10: 659410 | O10: 413562 | P10: 680493 | Q10: 316754 | R10: 696911 | S10: 413921 | T10: 714081 | U10: 238110 | V10: 731850 | W10: 445228 | X10: 748217 | Y10: 365467 | Z10: 764575 | AA10: 509241 | AB10: 798104 | AC10: 325632 | AD10: 812117 | AE10: 518330 | AF10: 835621
A11: Washington DC | B11: =M11/N11 -> 0.26210138 | C11: =O11/P11 -> 0.55370759 | D11: =Q11/R11 -> 0.26744392 | E11: =S11/T11 -> 0.55406718 | F11: =U11/V11 -> 0.32222548 | G11: =W11/X11 -> 0.55288564 | H11: =Y11/Z11 -> 0.40202295 | I11: =AA11/AB11 -> 0.63600253 | J11: =AC11/AD11 -> 0.37574341 | K11: =AE11/AF11 -> 0.5853349 | M11: 122356 | N11: 466827 | O11: 266871 | P11: 481971 | Q11: 135846 | R11: 507942 | S11: 294254 | T11: 531080 | U11: 177176 | V11: 549851 | W11: 312575 | X11: 565352 | Y11: 231482 | Z11: 575793 | AA11: 346491 | AB11: 544795 | AC11: 205774 | AD11: 547645 | AE11: 328871 | AF11: 561851
A12: Florida | B12: =M12/N12 -> 0.34369953 | C12: =O12/P12 -> 0.58067659 | D12: =Q12/R12 -> 0.3669566 | E12: =S12/T12 -> 0.55558951 | F12: =U12/V12 -> 0.37910001 | G12: =W12/X12 -> 0.57946917 | H12: =Y12/Z12 -> 0.48655272 | I12: =AA12/AB12 -> 0.63346226 | J12: =AC12/AD12 -> 0.43286046 | K12: =AE12/AF12 -> 0.58957739 | M12: 4884544 | N12: 14211669 | O12: 8453743 | P12: 14558436 | Q12: 5473787 | R12: 14916715 | S12: 8538264 | T12: 15367936 | U12: 6026802 | V12: 15897657 | W12: 9580489 | X12: 16533216 | Y12: 8318824 | Z12: 17097477 | AA12: 11144855 | AB12: 17593558 | AC12: 7796916 | AD12: 18012539 | AE12: 11004209 | AF12: 18664571
A13: Georgia | B13: =M13/N13 -> 0.31528737 | C13: =O13/P13 -> 0.55788604 | D13: =Q13/R13 -> 0.36161957 | E13: =S13/T13 -> 0.52669684 | F13: =U13/V13 -> 0.34111912 | G13: =W13/X13 -> 0.53186194 | H13: =Y13/Z13 -> 0.49123999 | I13: =AA13/AB13 -> 0.60646688 | J13: =AC13/AD13 -> 0.47133689 | K13: =AE13/AF13 -> 0.6125797 | M13: 2143845 | N13: 6799654 | O13: 3940705 | P13: 7063638 | Q13: 2623035 | R13: 7253576 | S13: 3919355 | T13: 7441387 | U13: 2596947 | V13: 7613021 | W13: 4165405 | X13: 7831741 | Y13: 3949905 | Z13: 8040683 | AA13: 5023159 | AB13: 8282660 | AC13: 3964926 | AD13: 8412085 | AE13: 5297264 | AF13: 8647469
A14: Hawaii | B14: =M14/N14 -> 0.34451788 | C14: =O14/P14 -> 0.44017883 | D14: =Q14/R14 -> 0.36288196 | E14: =S14/T14 -> 0.40053012 | F14: =U14/V14 -> 0.33321732 | G14: =W14/X14 -> 0.39050575 | H14: =Y14/Z14 -> 0.35682466 | I14: =AA14/AB14 -> 0.50608842 | J14: =AC14/AD14 -> 0.37078293 | K14: =AE14/AF14 -> 0.45789048 | M14: 348988 | N14: 1012975 | O14: 456064 | P14: 1036088 | Q14: 386302 | R14: 1064539 | S14: 437159 | T14: 1091451 | U14: 369554 | V14: 1109048 | W14: 437664 | X14: 1120762 | Y14: 398657 | Z14: 1117235 | AA14: 579784 | AB14: 1145618 | AC14: 423443 | AD14: 1142024 | AE14: 522236 | AF14: 1140526
... A53: Wyoming | B53: =M53/N53 -> 0.49031328 | C53: =O53/P53 -> 0.61246531 | D53: =Q53/R53 -> 0.44379583 | E53: =S53/T53 -> 0.56793052 | F53: =U53/V53 -> 0.38478902 | G53: =W53/X53 -> 0.57994568 | H53: =Y53/Z53 -> 0.462627 | I53: =AA53/AB53 -> 0.6214615 | J53: =AC53/AD53 -> 0.43861148 | K53: =AE53/AF53 -> 0.58969011 | M53: 196217 | N53: 400187 | O53: 256035 | P53: 418040 | Q53: 190822 | R53: 429977 | S53: 250701 | T53: 441429 | U53: 171153 | V53: 444797 | W53: 258788 | X53: 446228 | Y53: 205275 | Z53: 443716 | AA53: 278503 | AB53: 448142 | AC53: 198198 | AD53: 451876 | AE53: 271123 | AF53: 459772
A54: Source | B54: https://election.lab.ufl.edu/dataset/1980-2022-general-election-turnout-rates-v1-2/ | C54: https://election.lab.ufl.edu/dataset/1980-2022-general-election-turnout-rates-v1-2/ | D54: https://election.lab.ufl.edu/dataset/1980-2022-general-election-turnout-rates-v1-2/ | E54: https://election.lab.ufl.edu/dataset/1980-2022-general-election-turnout-rates-v1-2/ | F54: https://election.lab.ufl.edu/dataset/1980-2022-general-election-turnout-rates-v1-2/ | G54: https://election.lab.ufl.edu/dataset/1980-2022-general-election-turnout-rates-v1-2/ | H54: https://election.lab.ufl.edu/dataset/1980-2022-general-election-turnout-rates-v1-2/ | I54: https://election.lab.ufl.edu/dataset/1980-2022-general-election-turnout-rates-v1-2/ | J54: https://election.lab.ufl.edu/dataset/1980-2022-general-election-turnout-rates-v1-2/ | K54: https://election.lab.ufl.edu/2024-general-election-turnout/ | M54: https://election.lab.ufl.edu/dataset/1980-2022-general-election-turnout-rates-v1-2/ | O54: https://election.lab.ufl.edu/dataset/1980-2022-general-election-turnout-rates-v1-2/ | Q54: https://election.lab.ufl.edu/dataset/1980-2022-general-election-turnout-rates-v1-2/ | S54: https://election.lab.ufl.edu/dataset/1980-2022-general-election-turnout-rates-v1-2/ | U54: https://election.lab.ufl.edu/dataset/1980-2022-general-election-turnout-rates-v1-2/ | W54: https://election.lab.ufl.edu/dataset/1980-2022-general-election-turnout-rates-v1-2/ | Y54: https://election.lab.ufl.edu/dataset/1980-2022-general-election-turnout-rates-v1-2/ | AA54: https://election.lab.ufl.edu/dataset/1980-2022-general-election-turnout-rates-v1-2/ | AC54: https://election.lab.ufl.edu/dataset/1980-2022-general-election-turnout-rates-v1-2/ | AE54: https://election.lab.ufl.edu/2024-general-election-turnout/

Sheet National
A1: Year | B1: Rate
A2: 2006 | B2: =SUM(Statewide!M3:M53)/SUM(Statewide!N3:N53) -> 0.37915233
A3: 2008 | B3: =SUM(Statewide!O3:O53)/SUM(Statewide!P3:P53) -> 0.5739095
A4: 2010 | B4: =SUM(Statewide!Q3:Q53)/SUM(Statewide!R3:R53) -> 0.38512418
A5: 2012 | B5: =SUM(Statewide!S3:S53)/SUM(Statewide!T3:T53) -> 0.53991701
A6: 2014 | B6: =SUM(Statewide!U3:U53)/SUM(Statewide!V3:V53) -> 0.33869764
A7: 2016 | B7: =SUM(Statewide!W3:W53)/SUM(Statewide!X3:X53) -> 0.55460322
A8: 2018 | B8: =SUM(Statewide!Y3:Y53)/SUM(Statewide!Z3:Z53) -> 0.46689651
A9: 2020 | B9: =SUM(Statewide!AA3:AA53)/SUM(Statewide!AB3:AB53) -> 0.61622805
A10: 2022 | B10: =SUM(Statewide!AC3:AC53)/SUM(Statewide!AD3:AD53) -> 0.42968969
A11: 2024 | B11: =SUM(Statewide!AE3:AE53)/SUM(Statewide!AF3:AF53) -> 0.59201984

Sheet Sources & Notes
A1: Year | B1: Source page | C1: Data file | D1: Citation
A2: 2006 | B2: https://election.lab.ufl.edu/dataset/1980-2022-general-election-turnout-rates-v1-2/ | C2: https://election.lab.ufl.edu/data-downloads/turnoutdata/Turnout_1980_2022_v1.2.csv | D2: McDonald, Michael P. 2024. "1980-2022 General Election Turnout Rates (v1.2)." University of Florida Election Lab (released Oct. 8, 2024). Accessed Sept. 27, 2026.
A3: 2008 | B3: https://election.lab.ufl.edu/dataset/1980-2022-general-election-turnout-rates-v1-2/ | C3: https://election.lab.ufl.edu/data-downloads/turnoutdata/Turnout_1980_2022_v1.2.csv | D3: McDonald, Michael P. 2024. "1980-2022 General Election Turnout Rates (v1.2)." University of Florida Election Lab (released Oct. 8, 2024). Accessed Sept. 27, 2026.
A4: 2010 | B4: https://election.lab.ufl.edu/dataset/1980-2022-general-election-turnout-rates-v1-2/ | C4: https://election.lab.ufl.edu/data-downloads/turnoutdata/Turnout_1980_2022_v1.2.csv | D4: McDonald, Michael P. 2024. "1980-2022 General Election Turnout Rates (v1.2)." University of Florida Election Lab (released Oct. 8, 2024). Accessed Sept. 27, 2026.
A5: 2012 | B5: https://election.lab.ufl.edu/dataset/1980-2022-general-election-turnout-rates-v1-2/ | C5: https://election.lab.ufl.edu/data-downloads/turnoutdata/Turnout_1980_2022_v1.2.csv | D5: McDonald, Michael P. 2024. "1980-2022 General Election Turnout Rates (v1.2)." University of Florida Election Lab (released Oct. 8, 2024). Accessed Sept. 27, 2026.
A6: 2014 | B6: https://election.lab.ufl.edu/dataset/1980-2022-general-election-turnout-rates-v1-2/ | C6: https://election.lab.ufl.edu/data-downloads/turnoutdata/Turnout_1980_2022_v1.2.csv | D6: McDonald, Michael P. 2024. "1980-2022 General Election Turnout Rates (v1.2)." University of Florida Election Lab (released Oct. 8, 2024). Accessed Sept. 27, 2026.
A7: 2016 | B7: https://election.lab.ufl.edu/dataset/1980-2022-general-election-turnout-rates-v1-2/ | C7: https://election.lab.ufl.edu/data-downloads/turnoutdata/Turnout_1980_2022_v1.2.csv | D7: McDonald, Michael P. 2024. "1980-2022 General Election Turnout Rates (v1.2)." University of Florida Election Lab (released Oct. 8, 2024). Accessed Sept. 27, 2026.
A8: 2018 | B8: https://election.lab.ufl.edu/dataset/1980-2022-general-election-turnout-rates-v1-2/ | C8: https://election.lab.ufl.edu/data-downloads/turnoutdata/Turnout_1980_2022_v1.2.csv | D8: McDonald, Michael P. 2024. "1980-2022 General Election Turnout Rates (v1.2)." University of Florida Election Lab (released Oct. 8, 2024). Accessed Sept. 27, 2026.
A9: 2020 | B9: https://election.lab.ufl.edu/dataset/1980-2022-general-election-turnout-rates-v1-2/ | C9: https://election.lab.ufl.edu/data-downloads/turnoutdata/Turnout_1980_2022_v1.2.csv | D9: McDonald, Michael P. 2024. "1980-2022 General Election Turnout Rates (v1.2)." University of Florida Election Lab (released Oct. 8, 2024). Accessed Sept. 27, 2026.
A10: 2022 | B10: https://election.lab.ufl.edu/dataset/1980-2022-general-election-turnout-rates-v1-2/ | C10: https://election.lab.ufl.edu/data-downloads/turnoutdata/Turnout_1980_2022_v1.2.csv | D10: McDonald, Michael P. 2024. "1980-2022 General Election Turnout Rates (v1.2)." University of Florida Election Lab (released Oct. 8, 2024). Accessed Sept. 27, 2026.
A11: 2024 | B11: https://election.lab.ufl.edu/2024-general-election-turnout/ | C11: https://election.lab.ufl.edu/data-downloads/turnoutdata/Turnout_2024G_v0.4.csv | D11: McDonald, Michael P. University of Florida Election Lab, "Turnout Rates in the 2024 General Election," v0.4 (released March 2, 2026). Accessed Sept. 24, 2026.
A13: Notes
A14: Denominator: voting-age population (VAP), McDonald's estimate of residents 18+ (v1.2 column VAP).
A15: Source change (Sept. 27, 2026): 2006–2022 denominators now come from McDonald's UF Election Lab time series v1.2 (Oct. 8, 2024), his latest revision, replacing the per-year electproject.org sheets used before (previous version: git commit 650719c). 2024 is unchanged (UF 2024 v0.4, the latest 2024 release).
A16: Numerators are unchanged. For all 459 state-years 2006–2022 they equal v1.2's TOTAL_BALLOTS_COUNTED, or VOTE_FOR_HIGHEST_OFFICE where total ballots are not reported (grey), exactly as in the per-year sheets.
A17: v1.2 revises VAP for 2010–2022 (Census vintage updates; 2006 and 2008 unchanged) and VEP for every year. It also fixes the per-year sheets' internal inconsistencies (2006, 2014; 2022 MD, WI, FL, ME, VT): in v1.2, VAP×(1−%non-citizen)−felons = VEP within rounding for every state-year except 2010 (47 states) and 2020 (44 states), where the gap is at most 0.06% of VEP and does not match any felon component.
A18: v1.2 is published as whole numbers with %non-citizen to two decimals (0.01 pt); values here are as published.
A19: 2016 grey flags added for MS, OK, PA, VA, WV, WI to match VEP_Turnout_Rates.xlsx: these numerators are highest-office votes (the source reports no total-ballots figure). Values were already the same.
