Workbook

Sheet Statewide
A1: VEP Turnout Rates Calculated using Highest Office Votes where Total Ballots not available (indicated in grey) | M1: Values used to calculate turnout rates Calculation: Total Ballot Count / VEP
A2: State | B2: 2006 | C2: 2008 | D2: 2010 | E2: 2012 | F2: 2014 | G2: 2016 | H2: 2018 | I2: 2020 | J2: 2022 | K2: 2024 | M2: 2006 Total Turnout | N2: Voting-Eligible Population (VEP) | O2: 2008 Total Turnout | P2: Voting-Eligible Population (VEP) | Q2: 2010 Total Turnout | R2: Voting-Eligible Population (VEP) | S2: 2012 Total Turnout | T2: Voting-Eligible Population (VEP) | U2: 2014 Total Turnout | V2: Voting-Eligible Population (VEP) | W2: 2016 Total Turnout | X2: Voting-Eligible Population (VEP) | Y2: 2018 Total Turnout | Z2: Voting-Eligible Population (VEP) | AA2: 2020 Total Turnout | AB2: Voting-Eligible Population (VEP) | AC2: 2022 Total Turnout | AD2: Voting-Eligible Population (VEP) | AE2: 2024 Total Turnout | AF2: Voting-Eligible Population (VEP)
A3: Alabama | B3: =M3/N3 -> 0.37112565 | C3: =O3/P3 -> 0.60936313 | D3: =Q3/R3 -> 0.43101523 | E3: =S3/T3 -> 0.58629547 | F3: =U3/V3 -> 0.33335945 | G3: =W3/X3 -> 0.59120242 | H3: =Y3/Z3 -> 0.47182138 | I3: =AA3/AB3 -> 0.61461418 | J3: =AC3/AD3 -> 0.37525952 | K3: =AE3/AF3 -> 0.58695674 | M3: 1250401 | N3: 3369212 | O3: 2105622 | P3: 3455447 | Q3: 1503232 | R3: 3487654 | S3: 2074338 | T3: 3538042 | U3: 1191274 | V3: 3573542 | W3: 2134061 | X3: 3609696 | Y3: 1721906 | Z3: 3649487 | AA3: 2325000 | AB3: 3782861 | AC3: 1424087 | AD3: 3794939 | AE3: 2270000 | AF3: 3867406
A4: Alaska | B4: =M4/N4 -> 0.51670851 | C4: =O4/P4 -> 0.68248935 | D4: =Q4/R4 -> 0.52916156 | E4: =S4/T4 -> 0.58893552 | F4: =U4/V4 -> 0.55182194 | G4: =W4/X4 -> 0.61559377 | H4: =Y4/Z4 -> 0.5418999 | I4: =AA4/AB4 -> 0.68233868 | J4: =AC4/AD4 -> 0.50456389 | K4: =AE4/AF4 -> 0.63546976 | M4: 238307 | N4: 461202 | O4: 327341 | P4: 479628 | Q4: 261128 | R4: 493475 | S4: 301694 | T4: 512270 | U4: 285431 | V4: 517252 | W4: 321271 | X4: 521888 | Y4: 285009 | Z4: 525944 | AA4: 361400 | AB4: 529649 | AC4: 267047 | AD4: 529263 | AE4: 340981 | AF4: 536581
A5: Arizona | B5: =M5/N5 -> 0.40382463 | C5: =O5/P5 -> 0.57346096 | D5: =Q5/R5 -> 0.41437332 | E5: =S5/T5 -> 0.52913454 | F5: =U5/V5 -> 0.33767411 | G5: =W5/X5 -> 0.55965724 | H5: =Y5/Z5 -> 0.47888705 | I5: =AA5/AB5 -> 0.66628664 | J5: =AC5/AD5 -> 0.49285091 | K5: =AE5/AF5 -> 0.63877656 | M5: 1553032 | N5: 3845808 | O5: 2320851 | P5: 4047095 | Q5: 1750840 | R5: 4225272 | S5: 2323579 | T5: 4391282 | U5: 1537671 | V5: 4553713 | W5: 2661497 | X5: 4755584 | Y5: 2409910 | Z5: 5032314 | AA5: 3420585 | AB5: 5133804 | AC5: 2592313 | AD5: 5259832 | AE5: 3428011 | AF5: 5366526
A6: Arkansas | B6: =M6/N6 -> 0.38756172 | C6: =O6/P6 -> 0.52905982 | D6: =Q6/R6 -> 0.37932871 | E6: =S6/T6 -> 0.51072208 | F6: =U6/V6 -> 0.40166367 | G6: =W6/X6 -> 0.53108744 | H6: =Y6/Z6 -> 0.41546966 | I6: =AA6/AB6 -> 0.56174965 | J6: =AC6/AD6 -> 0.41748099 | K6: =AE6/AF6 -> 0.54055385 | M6: 780409 | N6: 2013638 | O6: 1095958 | P6: 2071520 | Q6: 789773 | R6: 2082028 | S6: 1078548 | T6: 2111810 | U6: 852642 | V6: 2122776 | W6: 1137772 | X6: 2142344 | Y6: 898793 | Z6: 2163318 | AA6: 1223675 | AB6: 2178328 | AC6: 914227 | AD6: 2189865 | AE6: 1190172 | AF6: 2201764
A7: California | B7: =M7/N7 -> 0.41586902 | C7: =O7/P7 -> 0.61710339 | D7: =Q7/R7 -> 0.46132156 | E7: =S7/T7 -> 0.55849175 | F7: =U7/V7 -> 0.30778124 | G7: =W7/X7 -> 0.58305787 | H7: =Y7/Z7 -> 0.48933695 | I7: =AA7/AB7 -> 0.68827891 | J7: =AC7/AD7 -> 0.42975798 | K7: =AE7/AF7 -> 0.62261799 | M7: 8899059 | N7: 21398706 | O7: 13743177 | P7: 22270461 | Q7: 10529134 | R7: 22823850 | S7: 13202158 | T7: 23638949 | U7: 7513972 | V7: 24413353 | W7: 14610509 | X7: 25058420 | Y7: 12712542 | Z7: 25979117 | AA7: 17785151 | AB7: 25840035 | AC7: 11146610 | AD7: 25936947 | AE7: 16140044 | AF7: 25922868
A8: Colorado | B8: =M8/N8 -> 0.48748752 | C8: =O8/P8 -> 0.71597316 | D8: =Q8/R8 -> 0.51924252 | E8: =S8/T8 -> 0.70630806 | F8: =U8/V8 -> 0.54531534 | G8: =W8/X8 -> 0.71987824 | H8: =Y8/Z8 -> 0.6207194 | I8: =AA8/AB8 -> 0.76692889 | J8: =AC8/AD8 -> 0.58349576 | K8: =AE8/AF8 -> 0.73401061 | M8: 1586105 | N8: 3253632 | O8: 2422236 | P8: 3383138 | Q8: 1828323 | R8: 3521135 | S8: 2596173 | T8: 3675695 | U8: 2080071 | V8: 3814437 | W8: 2859216 | X8: 3971805 | Y8: 2583580 | Z8: 4162235 | AA8: 3295666 | AB8: 4297225 | AC8: 2540666 | AD8: 4354215 | AE8: 3241120 | AF8: 4415631
A9: Connecticut | B9: =M9/N9 -> 0.47475516 | C9: =O9/P9 -> 0.66607318 | D9: =Q9/R9 -> 0.45929184 | E9: =S9/T9 -> 0.61295916 | F9: =U9/V9 -> 0.42620716 | G9: =W9/X9 -> 0.64731431 | H9: =Y9/Z9 -> 0.54617837 | I9: =AA9/AB9 -> 0.70091752 | J9: =AC9/AD9 -> 0.49008491 | K9: =AE9/AF9 -> 0.66999194 | M9: 1162391 | N9: 2448401 | O9: 1646792 | P9: 2472389 | Q9: 1153872 | R9: 2512285 | S9: 1560640 | T9: 2546075 | U9: 1096556 | V9: 2572824 | W9: 1675955 | X9: 2589090 | Y9: 1421953 | Z9: 2603459 | AA9: 1861086 | AB9: 2655214 | AC9: 1297811 | AD9: 2648135 | AE9: 1788981 | AF9: 2670153
A10: Delaware | B10: =M10/N10 -> 0.42430645 | C10: =O10/P10 -> 0.65804782 | D10: =Q10/R10 -> 0.48975433 | E10: =S10/T10 -> 0.62510534 | F10: =U10/V10 -> 0.35286377 | G10: =W10/X10 -> 0.64511492 | H10: =Y10/Z10 -> 0.51399081 | I10: =AA10/AB10 -> 0.68342479 | J10: =AC10/AD10 -> 0.42875144 | K10: =AE10/AF10 -> 0.66775828 | M10: 258053 | N10: 608176 | O10: 413562 | P10: 628468 | Q10: 316754 | R10: 646761 | S10: 413921 | T10: 662162 | U10: 238110 | V10: 674793 | W10: 445228 | X10: 690153 | Y10: 365467 | Z10: 711038 | AA10: 509241 | AB10: 745131 | AC10: 325632 | AD10: 759489 | AE10: 518330 | AF10: 776224
A11: Washington DC | B11: =M11/N11 -> 0.29025608 | C11: =O11/P11 -> 0.61728826 | D11: =Q11/R11 -> 0.29471643 | E11: =S11/T11 -> 0.61358395 | F11: =U11/V11 -> 0.35487366 | G11: =W11/X11 -> 0.60358628 | H11: =Y11/Z11 -> 0.4353252 | I11: =AA11/AB11 -> 0.68868735 | J11: =AC11/AD11 -> 0.40948501 | K11: =AE11/AF11 -> 0.64941007 | M11: 122356 | N11: 421545 | O11: 266871 | P11: 432328 | Q11: 135846 | R11: 460938 | S11: 294254 | T11: 479566 | U11: 177176 | V11: 499265 | W11: 312575 | X11: 517863 | Y11: 231482 | Z11: 531745 | AA11: 346491 | AB11: 503118 | AC11: 205774 | AD11: 502519 | AE11: 328871 | AF11: 506415
A12: Florida | B12: =M12/N12 -> 0.3971029 | C12: =O12/P12 -> 0.66652241 | D12: =Q12/R12 -> 0.42213855 | E12: =S12/T12 -> 0.63321232 | F12: =U12/V12 -> 0.43045376 | G12: =W12/X12 -> 0.65719727 | H12: =Y12/Z12 -> 0.54427698 | I12: =AA12/AB12 -> 0.70794138 | J12: =AC12/AD12 -> 0.48753715 | K12: =AE12/AF12 -> 0.67396234 | M12: 4884544 | N12: 12300449 | O12: 8453743 | P12: 12683359 | Q12: 5473787 | R12: 12966802 | S12: 8538264 | T12: 13484046 | U12: 6026802 | V12: 14001044 | W12: 9580489 | X12: 14577798 | Y12: 8318824 | Z12: 15284174 | AA12: 11144855 | AB12: 15742624 | AC12: 7796916 | AD12: 15992455 | AE12: 11004209 | AF12: 16327632
A13: Georgia | B13: =M13/N13 -> 0.3567461 | C13: =O13/P13 -> 0.62700079 | D13: =Q13/R13 -> 0.41022772 | E13: =S13/T13 -> 0.59439851 | F13: =U13/V13 -> 0.38572417 | G13: =W13/X13 -> 0.59846664 | H13: =Y13/Z13 -> 0.54450513 | I13: =AA13/AB13 -> 0.67057371 | J13: =AC13/AD13 -> 0.52234272 | K13: =AE13/AF13 -> 0.67966123 | M13: 2143845 | N13: 6009442 | O13: 3940705 | P13: 6285008 | Q13: 2623035 | R13: 6394095 | S13: 3919355 | T13: 6593817 | U13: 2596947 | V13: 6732653 | W13: 4165405 | X13: 6960129 | Y13: 3949905 | Z13: 7254119 | AA13: 5023159 | AB13: 7490838 | AC13: 3964926 | AD13: 7590660 | AE13: 5297264 | AF13: 7793977
A14: Hawaii | B14: =M14/N14 -> 0.37730186 | C14: =O14/P14 -> 0.49058552 | D14: =Q14/R14 -> 0.40207919 | E14: =S14/T14 -> 0.44359377 | F14: =U14/V14 -> 0.36785378 | G14: =W14/X14 -> 0.4319199 | H14: =Y14/Z14 -> 0.39064755 | I14: =AA14/AB14 -> 0.55351104 | J14: =AC14/AD14 -> 0.40628361 | K14: =AE14/AF14 -> 0.50264878 | M14: 348988 | N14: 924957 | O14: 456064 | P14: 929632 | Q14: 386302 | R14: 960761 | S14: 437159 | T14: 985494 | U14: 369554 | V14: 1004622 | W14: 437664 | X14: 1013299 | Y14: 398657 | Z14: 1020503 | AA14: 579784 | AB14: 1047466 | AC14: 423443 | AD14: 1042235 | AE14: 522236 | AF14: 1038968
... A53: Wyoming | B53: =M53/N53 -> 0.5072212 | C53: =O53/P53 -> 0.63099175 | D53: =Q53/R53 -> 0.45768245 | E53: =S53/T53 -> 0.59025553 | F53: =U53/V53 -> 0.40098446 | G53: =W53/X53 -> 0.60226114 | H53: =Y53/Z53 -> 0.48176555 | I53: =AA53/AB53 -> 0.64743898 | J53: =AC53/AD53 -> 0.45368976 | K53: =AE53/AF53 -> 0.61231989 | M53: 196217 | N53: 386847 | O53: 256035 | P53: 405766 | Q53: 190822 | R53: 416931 | S53: 250701 | T53: 424733 | U53: 171153 | V53: 426832 | W53: 258788 | X53: 429694 | Y53: 205275 | Z53: 426089 | AA53: 278503 | AB53: 430161 | AC53: 198198 | AD53: 436858 | AE53: 271123 | AF53: 442780
A54: Source | B54: https://election.lab.ufl.edu/dataset/1980-2022-general-election-turnout-rates-v1-2/ | C54: https://election.lab.ufl.edu/dataset/1980-2022-general-election-turnout-rates-v1-2/ | D54: https://election.lab.ufl.edu/dataset/1980-2022-general-election-turnout-rates-v1-2/ | E54: https://election.lab.ufl.edu/dataset/1980-2022-general-election-turnout-rates-v1-2/ | F54: https://election.lab.ufl.edu/dataset/1980-2022-general-election-turnout-rates-v1-2/ | G54: https://election.lab.ufl.edu/dataset/1980-2022-general-election-turnout-rates-v1-2/ | H54: https://election.lab.ufl.edu/dataset/1980-2022-general-election-turnout-rates-v1-2/ | I54: https://election.lab.ufl.edu/dataset/1980-2022-general-election-turnout-rates-v1-2/ | J54: https://election.lab.ufl.edu/dataset/1980-2022-general-election-turnout-rates-v1-2/ | K54: https://election.lab.ufl.edu/2024-general-election-turnout/ | M54: https://election.lab.ufl.edu/dataset/1980-2022-general-election-turnout-rates-v1-2/ | O54: https://election.lab.ufl.edu/dataset/1980-2022-general-election-turnout-rates-v1-2/ | Q54: https://election.lab.ufl.edu/dataset/1980-2022-general-election-turnout-rates-v1-2/ | S54: https://election.lab.ufl.edu/dataset/1980-2022-general-election-turnout-rates-v1-2/ | U54: https://election.lab.ufl.edu/dataset/1980-2022-general-election-turnout-rates-v1-2/ | W54: https://election.lab.ufl.edu/dataset/1980-2022-general-election-turnout-rates-v1-2/ | Y54: https://election.lab.ufl.edu/dataset/1980-2022-general-election-turnout-rates-v1-2/ | AA54: https://election.lab.ufl.edu/dataset/1980-2022-general-election-turnout-rates-v1-2/ | AC54: https://election.lab.ufl.edu/dataset/1980-2022-general-election-turnout-rates-v1-2/ | AE54: https://election.lab.ufl.edu/dataset/2024-general-election-turnout-rates-v0-4/

Sheet National
A1: Year | B1: Rate | C1: Overseas Eligible | D1: Rate incl. Overseas Eligible | E1: Published National VEP Rate
A2: 2006 | B2: =SUM(Statewide!M3:M53)/SUM(Statewide!N3:N53) -> 0.42088675 | C2: 4417527 | D2: =SUM(Statewide!M3:M53)/(SUM(Statewide!N3:N53)+C2) -> 0.41192828 | E2: 0.414
A3: 2008 | B3: =SUM(Statewide!O3:O53)/SUM(Statewide!P3:P53) -> 0.63508998 | C3: 4972217 | D3: =SUM(Statewide!O3:O53)/(SUM(Statewide!P3:P53)+C3) -> 0.62030649 | E3: 0.6217
A4: 2010 | B4: =SUM(Statewide!Q3:Q53)/SUM(Statewide!R3:R53) -> 0.42765512 | C4: 4972217 | D4: =SUM(Statewide!Q3:Q53)/(SUM(Statewide!R3:R53)+C4) -> 0.41787936 | E4: 0.4099
A5: 2012 | B5: =SUM(Statewide!S3:S53)/SUM(Statewide!T3:T53) -> 0.5977267 | C5: 5127418 | D5: =SUM(Statewide!S3:S53)/(SUM(Statewide!T3:T53)+C5) -> 0.58396636 | E5: 0.5857
A6: 2014 | B6: =SUM(Statewide!U3:U53)/SUM(Statewide!V3:V53) -> 0.37452924 | C6: 5345814 | D6: =SUM(Statewide!U3:U53)/(SUM(Statewide!V3:V53)+C6) -> 0.36572295 | E6: 0.3661
A7: 2016 | B7: =SUM(Statewide!W3:W53)/SUM(Statewide!X3:X53) -> 0.61249153 | C7: 4739596 | D7: =SUM(Statewide!W3:W53)/(SUM(Statewide!X3:X53)+C7) -> 0.59992891 | E7: 0.6012
A8: 2018 | B8: =SUM(Statewide!Y3:Y53)/SUM(Statewide!Z3:Z53) -> 0.51094115 | C8: 4971025 | D8: =SUM(Statewide!Y3:Y53)/(SUM(Statewide!Z3:Z53)+C8) -> 0.50022681 | E8: 0.5005
A9: 2020 | B9: =SUM(Statewide!AA3:AA53)/SUM(Statewide!AB3:AB53) -> 0.67369022 | C9: 4971025 | D9: =SUM(Statewide!AA3:AA53)/(SUM(Statewide!AB3:AB53)+C9) -> 0.65985626 | E9: 0.6599
A10: 2022 | B10: =SUM(Statewide!AC3:AC53)/SUM(Statewide!AD3:AD53) -> 0.46955506 | C10: 4400000 | D10: =SUM(Statewide!AC3:AC53)/(SUM(Statewide!AD3:AD53)+C10) -> 0.46105246 | E10: 0.4612
A11: 2024 | B11: =SUM(Statewide!AE3:AE53)/SUM(Statewide!AF3:AF53) -> 0.65116231 | C11: 3325217 | D11: =SUM(Statewide!AE3:AE53)/(SUM(Statewide!AF3:AF53)+C11) -> 0.64229098 | E11: 0.643
A13: Rate = sum of state ballots / sum of state VEP (same method as the VAP file).
A14: Rate incl. Overseas Eligible adds McDonald's national-only overseas-eligible estimate to the denominator, as his published national VEP rate does.
A15: Published National VEP Rate = US row of the source (v1.2 VEP_TURNOUT_RATE for 2006–2022; UF 2024 v0.4). It will not match exactly: the source's US numerator and US VEP are not simple sums of the state rows.
A16: 2010: v1.2's US row repeats 2012's VAP (240,897,888), about 4.9 million above the sum of the states, so its published 2010 national rate (41.0%) is too low relative to the state data. The state-sum rates in columns B and D are unaffected.

Sheet Sources & Notes
A1: Year | B1: Source page | C1: Data file | D1: Citation
A2: 2006 | B2: https://election.lab.ufl.edu/dataset/1980-2022-general-election-turnout-rates-v1-2/ | C2: https://election.lab.ufl.edu/data-downloads/turnoutdata/Turnout_1980_2022_v1.2.csv | D2: McDonald, Michael P. 2024. "1980-2022 General Election Turnout Rates (v1.2)." University of Florida Election Lab (released Oct. 8, 2024). Accessed Sept. 27, 2026.
A3: 2008 | B3: https://election.lab.ufl.edu/dataset/1980-2022-general-election-turnout-rates-v1-2/ | C3: https://election.lab.ufl.edu/data-downloads/turnoutdata/Turnout_1980_2022_v1.2.csv | D3: McDonald, Michael P. 2024. "1980-2022 General Election Turnout Rates (v1.2)." University of Florida Election Lab (released Oct. 8, 2024). Accessed Sept. 27, 2026.
A4: 2010 | B4: https://election.lab.ufl.edu/dataset/1980-2022-general-election-turnout-rates-v1-2/ | C4: https://election.lab.ufl.edu/data-downloads/turnoutdata/Turnout_1980_2022_v1.2.csv | D4: McDonald, Michael P. 2024. "1980-2022 General Election Turnout Rates (v1.2)." University of Florida Election Lab (released Oct. 8, 2024). Accessed Sept. 27, 2026.
A5: 2012 | B5: https://election.lab.ufl.edu/dataset/1980-2022-general-election-turnout-rates-v1-2/ | C5: https://election.lab.ufl.edu/data-downloads/turnoutdata/Turnout_1980_2022_v1.2.csv | D5: McDonald, Michael P. 2024. "1980-2022 General Election Turnout Rates (v1.2)." University of Florida Election Lab (released Oct. 8, 2024). Accessed Sept. 27, 2026.
A6: 2014 | B6: https://election.lab.ufl.edu/dataset/1980-2022-general-election-turnout-rates-v1-2/ | C6: https://election.lab.ufl.edu/data-downloads/turnoutdata/Turnout_1980_2022_v1.2.csv | D6: McDonald, Michael P. 2024. "1980-2022 General Election Turnout Rates (v1.2)." University of Florida Election Lab (released Oct. 8, 2024). Accessed Sept. 27, 2026.
A7: 2016 | B7: https://election.lab.ufl.edu/dataset/1980-2022-general-election-turnout-rates-v1-2/ | C7: https://election.lab.ufl.edu/data-downloads/turnoutdata/Turnout_1980_2022_v1.2.csv | D7: McDonald, Michael P. 2024. "1980-2022 General Election Turnout Rates (v1.2)." University of Florida Election Lab (released Oct. 8, 2024). Accessed Sept. 27, 2026.
A8: 2018 | B8: https://election.lab.ufl.edu/dataset/1980-2022-general-election-turnout-rates-v1-2/ | C8: https://election.lab.ufl.edu/data-downloads/turnoutdata/Turnout_1980_2022_v1.2.csv | D8: McDonald, Michael P. 2024. "1980-2022 General Election Turnout Rates (v1.2)." University of Florida Election Lab (released Oct. 8, 2024). Accessed Sept. 27, 2026.
A9: 2020 | B9: https://election.lab.ufl.edu/dataset/1980-2022-general-election-turnout-rates-v1-2/ | C9: https://election.lab.ufl.edu/data-downloads/turnoutdata/Turnout_1980_2022_v1.2.csv | D9: McDonald, Michael P. 2024. "1980-2022 General Election Turnout Rates (v1.2)." University of Florida Election Lab (released Oct. 8, 2024). Accessed Sept. 27, 2026.
A10: 2022 | B10: https://election.lab.ufl.edu/dataset/1980-2022-general-election-turnout-rates-v1-2/ | C10: https://election.lab.ufl.edu/data-downloads/turnoutdata/Turnout_1980_2022_v1.2.csv | D10: McDonald, Michael P. 2024. "1980-2022 General Election Turnout Rates (v1.2)." University of Florida Election Lab (released Oct. 8, 2024). Accessed Sept. 27, 2026.
A11: 2024 | B11: https://election.lab.ufl.edu/2024-general-election-turnout/ | C11: https://election.lab.ufl.edu/data-downloads/turnoutdata/Turnout_2024G_v0.4.csv | D11: McDonald, Michael P. University of Florida Election Lab, "Turnout Rates in the 2024 General Election," v0.4 (released March 2, 2026). Accessed Sept. 24, 2026.
A13: Notes
A14: Denominator: Voting-Eligible Population (VEP) = VAP minus non-citizens and felons ineligible under state law. State VEPs exclude overseas eligible voters; McDonald adds those at the national level only (see National sheet).
A15: Source change (Sept. 27, 2026): 2006–2022 denominators now come from McDonald's UF Election Lab time series v1.2 (Oct. 8, 2024), his latest revision, replacing the per-year electproject.org sheets used before (previous version: git commit 650719c). 2024 is unchanged (UF 2024 v0.4, the latest 2024 release).
A16: Numerators are unchanged. For all 459 state-years 2006–2022 they equal v1.2's TOTAL_BALLOTS_COUNTED, or VOTE_FOR_HIGHEST_OFFICE where total ballots are not reported (grey), exactly as in the per-year sheets.
A17: v1.2 revises VAP for 2010–2022 (Census vintage updates; 2006 and 2008 unchanged) and VEP for every year. It also fixes the per-year sheets' internal inconsistencies (2006, 2014; 2022 MD, WI, FL, ME, VT): in v1.2, VAP×(1−%non-citizen)−felons = VEP within rounding for every state-year except 2010 (47 states) and 2020 (44 states), where the gap is at most 0.06% of VEP and does not match any felon component.
A18: v1.2 is published as whole numbers with %non-citizen to two decimals (0.01 pt); values here are as published.
A19: National sheet: Overseas Eligible and Published National VEP Rate now come from v1.2's US rows. v1.2 gives 2018 the same overseas figure as 2020 (4,971,025; the 2018 per-year sheet had 4,793,402), and 2010 the same as 2008 (4,972,217, as in the per-year sheets). Reproduced as published; this affects only the national "incl. Overseas" column.
A20: 2016 grey flags for MS, OK, PA, VA, WV, WI: the source reports no total-ballots figure for them, so the file uses highest-office votes.
A21: 2022: the per-year source marked AL, ID, KS, MS, MO, OK, PA, RI, SD, TN, TX, WI with an undefined asterisk; these are not shaded.
A22: 2024: several states' numerators are rounded estimates in the source (AL, MS, MO, PA, TN, TX). v0.4 is a preliminary release and may be revised.
A23: Row 55 of the Statewide sheet (a pointer to this sheet) was removed so the layout matches VAP_Turnout_Rates.xlsx; analysisHQ.Rmd drops the last row as the "Source" row.
